{
  "1": {
    "data": [
      4.0,
      9.0,
      2.0,
      7.0,
      5.0,
      11.0,
      3.0,
      8.0,
      6.0,
      10.0,
      1.0,
      12.0,
      14.0,
      5.0,
      9.0,
      7.0,
      13.0,
      6.0
    ]
  },
  "2": {
    "data": [
      8.0,
      18.0,
      4.0,
      14.0,
      10.0,
      22.0,
      6.0,
      16.0,
      12.0,
      20.0,
      2.0,
      24.0,
      28.0,
      10.0,
      18.0,
      14.0,
      26.0,
      12.0
    ]
  },
  "3": {
    "data": [
      64.0,
      324.0,
      16.0,
      196.0,
      100.0,
      484.0,
      36.0,
      256.0,
      144.0,
      400.0,
      4.0,
      576.0,
      784.0,
      100.0,
      324.0,
      196.0,
      676.0,
      144.0
    ]
  },
  "4": {
    "data": [
      0.07692307692307693,
      0.41025641025641024,
      0.015384615384615385,
      0.24615384615384617,
      0.12307692307692308,
      0.6153846153846154,
      0.041025641025641026,
      0.3230769230769231,
      0.1794871794871795,
      0.5076923076923077,
      0.0,
      0.7333333333333333,
      1.0,
      0.12307692307692308,
      0.41025641025641024,
      0.24615384615384617,
      0.8615384615384616,
      0.1794871794871795
    ]
  },
  "5": {
    "data": [
      3.8461538461538463,
      20.51282051282051,
      0.7692307692307693,
      12.307692307692308,
      6.153846153846154,
      30.76923076923077,
      2.051282051282051,
      16.153846153846153,
      8.974358974358974,
      25.384615384615383,
      0.0,
      36.666666666666664,
      50.0,
      6.153846153846154,
      20.51282051282051,
      12.307692307692308,
      43.07692307692308,
      8.974358974358974
    ]
  },
  "6": {
    "data": [
      3.846,
      20.513,
      0.769,
      12.308,
      6.154,
      30.769,
      2.051,
      16.154,
      8.974,
      25.385,
      0.0,
      36.667,
      50.0,
      6.154,
      20.513,
      12.308,
      43.077,
      8.974
    ]
  },
  "7": {
    "data": [
      3.846,
      12.1795,
      8.376,
      11.196666666666667,
      6.410333333333334,
      16.41033333333333,
      12.991333333333335,
      16.32466666666667,
      9.059666666666667,
      16.837666666666667,
      11.453000000000001,
      20.684,
      28.889,
      30.94033333333333,
      25.555666666666667,
      12.991666666666667,
      25.299333333333333,
      21.453
    ]
  },
  "8": {
    "data": [
      3.846,
      16.0255,
      24.4015,
      35.598166666666664,
      42.0085,
      58.418833333333325,
      71.41016666666665,
      87.73483333333333,
      96.7945,
      113.63216666666666,
      125.08516666666667,
      145.76916666666668,
      174.6581666666667,
      205.59850000000003,
      231.1541666666667,
      244.14583333333337,
      269.4451666666667,
      290.89816666666667
    ]
  },
  "9": {
    "data": [
      12.1795,
      8.375999999999998,
      11.196666666666665,
      6.410333333333334,
      16.410333333333327,
      12.99133333333333,
      16.324666666666673,
      9.059666666666672,
      16.837666666666664,
      11.453000000000003,
      20.68400000000001,
      28.88900000000001,
      30.940333333333342,
      25.555666666666667,
      12.991666666666674,
      25.299333333333323,
      21.452999999999975
    ]
  },
  "10": {
    "data": [
      12.1795,
      8.375999999999998,
      8.375999999999998,
      6.410333333333334,
      6.410333333333334,
      6.410333333333334,
      6.410333333333334,
      6.410333333333334,
      6.410333333333334,
      6.410333333333334,
      6.410333333333334,
      6.410333333333334,
      6.410333333333334,
      6.410333333333334,
      6.410333333333334,
      6.410333333333334,
      6.410333333333334
    ]
  },
  "11": {
    "data": [
      12.1795,
      8.375999999999998,
      8.375999999999998,
      6.410333333333334,
      6.410333333333334,
      6.410333333333334,
      6.410333333333334,
      6.410333333333334,
      6.410333333333334,
      6.410333333333334,
      6.410333333333334,
      6.410333333333334,
      6.410333333333334,
      6.410333333333334,
      6.410333333333334,
      6.410333333333334,
      6.410333333333334
    ]
  },
  "12": {
    "data": [
      12.1795,
      8.375999999999998,
      8.375999999999998,
      6.410333333333334,
      6.410333333333334,
      6.410333333333334,
      6.410333333333334,
      6.410333333333334,
      6.410333333333334,
      6.410333333333334,
      6.410333333333334,
      6.410333333333334,
      6.410333333333334,
      6.410333333333334,
      6.410333333333334,
      6.410333333333334,
      6.410333333333334
    ]
  },
  "13": {
    "data": [
      12.1795,
      8.375999999999998,
      8.375999999999998,
      6.410333333333334,
      6.410333333333334,
      6.410333333333334,
      6.410333333333334,
      6.410333333333334
    ]
  },
  "14": {
    "data": {
      "sum": 60.98316666666666,
      "mean": 7.622895833333333,
      "min": 6.410333333333334,
      "max": 12.1795,
      "count": 8
    }
  }
}
