{
  "best_k": 4,
  "silhouette": 0.5692754911128813,
  "inertia_by_k": {
    "2": 650.7948503114152,
    "3": 309.6437621191957,
    "4": 179.7927407761722,
    "5": 156.52300971334068,
    "6": 134.2564261809754
  },
  "cluster_sizes": [
    109,
    100,
    100,
    91
  ]
}
