{
  "1": {
    "data": [3.0, 1.0, 4.0, 1.5, 5.0, 9.0, 2.0, 6.0, 5.0, 3.0, 5.0, 8.0]
  },
  "2": {
    "data": [0.25, 0.0, 0.375, 0.0625, 0.5, 1.0, 0.125, 0.625, 0.5, 0.25, 0.5, 0.875]
  },
  "3": {
    "data": [25.0, 0.0, 37.5, 6.25, 50.0, 100.0, 12.5, 62.5, 50.0, 25.0, 50.0, 87.5]
  },
  "4": {
    "data": [25.0, 0.0, 37.5, 6.25, 50.0, 100.0, 12.5, 62.5, 50.0, 25.0, 50.0, 87.5]
  },
  "5": {
    "data": [
      20.833333333333332,
      14.583333333333334,
      31.25,
      52.083333333333336,
      54.166666666666664,
      58.333333333333336,
      41.666666666666664,
      45.833333333333336,
      41.666666666666664,
      54.166666666666664
    ]
  },
  "6": {
    "data": [
      434.0277777777777,
      212.67361111111111,
      976.5625,
      2712.6736111111113,
      2934.0277777777774,
      3402.777777777778,
      1736.1111111111109,
      2100.694444444445,
      1736.1111111111109,
      2934.0277777777774
    ]
  },
  "7": {
    "data": [
      434.0277777777777,
      434.0277777777777,
      976.5625,
      2712.6736111111113,
      2934.0277777777774,
      3402.777777777778,
      3402.777777777778,
      3402.777777777778,
      3402.777777777778,
      3402.777777777778
    ]
  },
  "8": {
    "data": [
      0.0,
      542.5347222222223,
      1736.1111111111113,
      221.35416666666606,
      468.75000000000045,
      0.0,
      0.0,
      0.0,
      0.0
    ]
  },
  "9": {
    "data": [
      1736.1111111111113,
      542.5347222222223,
      468.75000000000045,
      221.35416666666606,
      0.0,
      0.0,
      0.0,
      0.0,
      0.0
    ]
  },
  "10": {
    "data": {
      "sum": 2968.75,
      "mean": 329.8611111111111,
      "min": 0.0,
      "max": 1736.1111111111113,
      "count": 9
    }
  }
}
