{
  "solution": [
    1.2768166089965396,
    1.0634371395617073,
    2.184544405997693,
    0.8292964244521338,
    2.2214532871972317
  ],
  "condition_number": 3.4962567024048106,
  "eigenvalue_magnitudes": [
    7.414213562373096,
    5.532088886237953,
    4.585786437626906,
    4.3472963553338655,
    2.1206147584281845
  ],
  "determinant": 1733.9999999999995,
  "well_conditioned": true
}