{
  "group_means": {
    "ctrl": 10.014393396396274,
    "low": 10.6333435214861,
    "high": 16.07103019271154
  },
  "anova_F": 263.8460738284453,
  "anova_p": 2.1471010176670173e-76,
  "significant": true,
  "significant_pairs": [
    [
      "ctrl",
      "high"
    ],
    [
      "high",
      "low"
    ]
  ]
}