{
  "1": {"data": [6.0,13.0,2.0,9.0,18.0,4.0,11.0,7.0,15.0,3.0,20.0,8.0,1.0,16.0,10.0,5.0,19.0,12.0,14.0,17.0,6.0,9.0,13.0,2.0]},
  "2": {"data": [12.0,26.0,4.0,18.0,36.0,8.0,22.0,14.0,30.0,6.0,40.0,16.0,2.0,32.0,20.0,10.0,38.0,24.0,28.0,34.0,12.0,18.0,26.0,4.0]},
  "3": {"data": [14.0,28.0,6.0,20.0,38.0,10.0,24.0,16.0,32.0,8.0,42.0,18.0,4.0,34.0,22.0,12.0,40.0,26.0,30.0,36.0,14.0,20.0,28.0,6.0]},
  "4": {"data": [14.0,42.0,48.0,68.0,106.0,116.0,140.0,156.0,188.0,196.0,238.0,256.0,260.0,294.0,316.0,328.0,368.0,394.0,424.0,460.0,474.0,494.0,522.0,528.0]},
  "5": {"data": [1.0,3.0,9.0,3.0,2.0,12.0,10.0,0.0,6.0,1.0,4.0,9.0,0.0,8.0,4.0,3.0,4.0,4.0,8.0,5.0,6.0,0.0,2.0,8.0]},
  "6": {"data": [0.0,3.0,18.0,9.0,8.0,60.0,60.0,0.0,48.0,9.0,40.0,99.0,0.0,104.0,56.0,45.0,64.0,68.0,144.0,95.0,120.0,0.0,44.0,184.0]},
  "7": {"data": [0.0,3.0,18.0,18.0,18.0,60.0,60.0,60.0,60.0,60.0,60.0,99.0,99.0,104.0,104.0,104.0,104.0,104.0,144.0,144.0,144.0,144.0,144.0,184.0]},
  "8": {"data": [3.0,15.0,0.0,0.0,42.0,0.0,0.0,0.0,0.0,0.0,39.0,0.0,5.0,0.0,0.0,0.0,0.0,40.0,0.0,0.0,0.0,0.0,40.0]},
  "9": {"data": [3.0,15.0,0.0,0.0,42.0,0.0,0.0,0.0,0.0,0.0,39.0,0.0,5.0,0.0,0.0,0.0,0.0,40.0,0.0,0.0,0.0,0.0,40.0]},
  "10": {"data": [15.0,42.0,39.0,40.0,40.0]},
  "11": {"data": [225.0,1764.0,1521.0,1600.0,1600.0]},
  "12": {"data": [0.0,1.0,0.8421052631578947,0.8934372969460689,0.8934372969460689]},
  "13": {"data": [0.0,100.0,84.21052631578947,89.34372969460689,89.34372969460689]},
  "14": {"data": [0.0,100.0,84.211,89.344,89.344]},
  "15": {"data": [0.0,100.0,61.40366666666667,91.185,87.633]},
  "16": {"data": [100.0,91.185,87.633,61.40366666666667,0.0]},
  "17": {"data": [100.0,91.185,87.633,61.40366666666667,0.0]},
  "18": {"data": {"sum": 340.22166666666664, "mean": 68.04433333333333, "count": 5, "min": 0.0, "max": 100.0}}
}
