{
  "table": {
    "control": {
      "maybe": 44,
      "no": 68,
      "yes": 88
    },
    "treatment": {
      "maybe": 27,
      "no": 53,
      "yes": 120
    }
  },
  "chi2": 10.853003590519595,
  "dof": 2,
  "p_value": 0.0043984556194105705,
  "cramers_v": 0.16471948572132863,
  "ci95_low": 0.065,
  "ci95_high": 0.26012499999999994,
  "reject_null": true
}