{
  "group_means": {
    "A": 99.54323913021399,
    "B": 108.30116421948736
  },
  "n": {
    "A": 200,
    "B": 200
  },
  "t_stat": 6.125253843220822,
  "p_value": 2.2134038316054667e-09,
  "df": 389.9202807213465,
  "cohens_d": 0.6125253843220821,
  "ci95_low": 5.946831167113411,
  "ci95_high": 11.569019011433332,
  "reject_null": true
}