{
  "slope": 2.8658271819365986,
  "intercept": 324.06972789115673,
  "r_squared": 0.18530976288961765,
  "trend_direction": "up",
  "anova_F": 6.124890266257378,
  "anova_p": 1.5068818275543648e-05,
  "seasonal_significant": true,
  "pearson_price_units": -0.9850393517879266,
  "pearson_p": 8.851567421684667e-37
}